nr	start	end	pause	text
1	0:00:00.2	0:00:02.0		Imagine the Moon moved toward Earth.
2	0:00:03.7	0:00:07.9		You are on the beach on a calm afternoon. The Moon is a pale disc above the sea.
3	0:00:08.8	0:00:13.3		Its pull lifts the oceans twice a day. Here, the tide rises about one metre.
4	0:00:14.6	0:00:19.1		But that pull grows fast. Halve the distance, and it becomes eight times stronger.
5	0:00:20.1	0:00:22.8		Half the distance. One hundred and ninety-two thousand kilometres.
6	0:00:24.0	0:00:27.6		The Moon looks twice as wide. And the sea comes in, fast.
7	0:00:28.2	0:00:30.7		High tide climbs the whole beach, all the way to the sea wall.
8	0:00:31.9	0:00:34.8		One third of the distance. Twenty-seven times the pull.
9	0:00:35.6	0:00:39.7		Now the sea pulls back. Hundreds of metres. The sea floor lies bare.
10	0:00:40.4	0:00:42.7		One quarter. Sixty-four times stronger.
11	0:00:43.3	0:00:44.6		And then the water comes back…
12	0:00:49.6	0:00:53.2		…over the beach, over the boulevard, up to the doors of the hotels.
13	0:00:53.9	0:00:56.8		Above it all, the Moon is now four times as wide as today.
14	0:00:57.5	0:00:58.8		And it is still getting closer.
15	0:01:00.4	0:01:01.0		Where would you go?
